Username, Tweet/ Tweet link, Date and time, Activity

Ishianxx,1526217607535546369,2022-05-16 23:07:05.674104,report
kntchiibabe,1526217609884028928,2022-05-16 23:07:25.278507,warning
Cyberbot,try lungz,2022-05-16 23:07:45.435747,tweet
Cyberbot,try hehe,2022-05-16 23:08:18.382642,tweet
08081995_,1526254429695275008,2022-05-17 01:33:31.446845,report
simpkaayosijay,1526254457813880832,2022-05-17 01:34:00.428427,warning
cyrshnnrc,twitter.com/cyrshnnrc/status/1526256077842817024,2022-05-17 01:41:01.940773,warning
pinnedhands,twitter.com/pinnedhands/status/1526256111417929729,2022-05-17 01:44:54.995705,warning
jwipocas,twitter.com/jwipocas/status/1527683865522761728,2022-05-21 00:14:13.129510,warning
jackass_eth,twitter.com/jackass_eth/status/1527683893087698944,2022-05-21 00:14:48.227471,report
wayoftheace__,twitter.com/wayoftheace__/status/1527685000644087808,2022-05-21 00:18:17.337427,report
jnskittle,twitter.com/jnskittle/status/1527685029312475136,2022-05-21 00:18:33.838607,warning
calaifrancisco,twitter.com/calaifrancisco/status/1527689975638401026,2022-05-21 00:50:07.476836,warning
sngdaze,twitter.com/sngdaze/status/1527689960098127872,2022-05-21 00:50:31.210832,warning
defkyleme,twitter.com/defkyleme/status/1527695000925966336,2022-05-21 00:57:47.609695,warning
janusfics,twitter.com/janusfics/status/1527695345592901634,2022-05-21 01:01:04.075833,warning
Leganda21,twitter.com/Leganda21/status/1527698788780978177,2022-05-21 01:13:09.450413,warning
DCkiarah,twitter.com/DCkiarah/status/1527698865977425920,2022-05-21 01:13:33.511101,warning
userolpab,twitter.com/userolpab/status/1527698788038500355,2022-05-21 01:14:26.839392,warning
its_kaneee,twitter.com/its_kaneee/status/1527705856409710593,2022-05-21 01:41:19.600447,warning
hi53898686,twitter.com/hi53898686/status/1527705860059070464,2022-05-21 01:45:53.394826,report
heyitsmejass,twitter.com/heyitsmejass/status/1527705968271732736,2022-05-21 01:46:06.888333,report
basurahankoh,twitter.com/basurahankoh/status/1527705905420443648,2022-05-21 01:46:17.777803,warning
emura_alichuu,twitter.com/emura_alichuu/status/1527705926844968960,2022-05-21 01:46:46.249721,report
